file,line,type,commit,author,date,time,timezone,datetime,depth,length
style.css,1,css,9f9060d8,ShuchangLiu951,2025-01-17,22:44:49,-08:00,2025-01-17T22:44:49-08:00,0,25
style.css,2,css,aec5e418,ShuchangLiu951,2025-01-11,14:44:22,-08:00,2025-01-11T14:44:22-08:00,0,5
style.css,3,css,9f9060d8,ShuchangLiu951,2025-01-17,22:44:49,-08:00,2025-01-17T22:44:49-08:00,0,55
style.css,4,css,11fb7ba1,ShuchangLiu951,2025-02-08,00:17:43,-08:00,2025-02-08T00:17:43-08:00,0,48
style.css,5,css,9f9060d8,ShuchangLiu951,2025-01-17,22:44:49,-08:00,2025-01-17T22:44:49-08:00,0,49
style.css,6,css,11fb7ba1,ShuchangLiu951,2025-02-08,00:17:43,-08:00,2025-02-08T00:17:43-08:00,0,63
style.css,7,css,9f9060d8,ShuchangLiu951,2025-01-17,22:44:49,-08:00,2025-01-17T22:44:49-08:00,0,0
style.css,8,css,9f9060d8,ShuchangLiu951,2025-01-17,22:44:49,-08:00,2025-01-17T22:44:49-08:00,0,0
style.css,9,css,9f9060d8,ShuchangLiu951,2025-01-17,22:44:49,-08:00,2025-01-17T22:44:49-08:00,0,32
style.css,10,css,9f9060d8,ShuchangLiu951,2025-01-17,22:44:49,-08:00,2025-01-17T22:44:49-08:00,0,3
style.css,11,css,9f9060d8,ShuchangLiu951,2025-01-17,22:44:49,-08:00,2025-01-17T22:44:49-08:00,0,37
style.css,12,css,9f9060d8,ShuchangLiu951,2025-01-17,22:44:49,-08:00,2025-01-17T22:44:49-08:00,0,10
style.css,13,css,9f9060d8,ShuchangLiu951,2025-01-17,22:44:49,-08:00,2025-01-17T22:44:49-08:00,0,9
style.css,14,css,9f9060d8,ShuchangLiu951,2025-01-17,22:44:49,-08:00,2025-01-17T22:44:49-08:00,0,0
style.css,15,css,9f9060d8,ShuchangLiu951,2025-01-17,22:44:49,-08:00,2025-01-17T22:44:49-08:00,0,0
style.css,16,css,9f9060d8,ShuchangLiu951,2025-01-17,22:44:49,-08:00,2025-01-17T22:44:49-08:00,0,27
style.css,17,css,9f9060d8,ShuchangLiu951,2025-01-17,22:44:49,-08:00,2025-01-17T22:44:49-08:00,0,4
style.css,18,css,9f9060d8,ShuchangLiu951,2025-01-17,22:44:49,-08:00,2025-01-17T22:44:49-08:00,0,42
style.css,19,css,9f9060d8,ShuchangLiu951,2025-01-17,22:44:49,-08:00,2025-01-17T22:44:49-08:00,0,47
style.css,20,css,eea6b206,ShuchangLiu951,2025-01-24,20:36:47,-08:00,2025-01-24T20:36:47-08:00,0,70
style.css,21,css,9f9060d8,ShuchangLiu951,2025-01-17,22:44:49,-08:00,2025-01-17T22:44:49-08:00,0,0
style.css,22,css,9f9060d8,ShuchangLiu951,2025-01-17,22:44:49,-08:00,2025-01-17T22:44:49-08:00,0,0
style.css,23,css,9f9060d8,ShuchangLiu951,2025-01-17,22:44:49,-08:00,2025-01-17T22:44:49-08:00,0,6
style.css,24,css,9f9060d8,ShuchangLiu951,2025-01-17,22:44:49,-08:00,2025-01-17T22:44:49-08:00,0,39
style.css,25,css,9f9060d8,ShuchangLiu951,2025-01-17,22:44:49,-08:00,2025-01-17T22:44:49-08:00,0,44
style.css,26,css,9f9060d8,ShuchangLiu951,2025-01-17,22:44:49,-08:00,2025-01-17T22:44:49-08:00,0,44
style.css,27,css,9f9060d8,ShuchangLiu951,2025-01-17,22:44:49,-08:00,2025-01-17T22:44:49-08:00,0,36
style.css,28,css,9f9060d8,ShuchangLiu951,2025-01-17,22:44:49,-08:00,2025-01-17T22:44:49-08:00,0,45
style.css,29,css,9f9060d8,ShuchangLiu951,2025-01-17,22:44:49,-08:00,2025-01-17T22:44:49-08:00,0,61
style.css,30,css,9f9060d8,ShuchangLiu951,2025-01-17,22:44:49,-08:00,2025-01-17T22:44:49-08:00,0,0
style.css,31,css,9f9060d8,ShuchangLiu951,2025-01-17,22:44:49,-08:00,2025-01-17T22:44:49-08:00,0,0
style.css,32,css,9f9060d8,ShuchangLiu951,2025-01-17,22:44:49,-08:00,2025-01-17T22:44:49-08:00,0,12
style.css,33,css,9f9060d8,ShuchangLiu951,2025-01-17,22:44:49,-08:00,2025-01-17T22:44:49-08:00,0,68
style.css,34,css,9f9060d8,ShuchangLiu951,2025-01-17,22:44:49,-08:00,2025-01-17T22:44:49-08:00,0,0
style.css,35,css,9f9060d8,ShuchangLiu951,2025-01-17,22:44:49,-08:00,2025-01-17T22:44:49-08:00,0,0
style.css,36,css,9f9060d8,ShuchangLiu951,2025-01-17,22:44:49,-08:00,2025-01-17T22:44:49-08:00,0,14
style.css,37,css,9f9060d8,ShuchangLiu951,2025-01-17,22:44:49,-08:00,2025-01-17T22:44:49-08:00,0,73
style.css,38,css,9f9060d8,ShuchangLiu951,2025-01-17,22:44:49,-08:00,2025-01-17T22:44:49-08:00,0,46
style.css,39,css,9f9060d8,ShuchangLiu951,2025-01-17,22:44:49,-08:00,2025-01-17T22:44:49-08:00,0,0
style.css,40,css,9f9060d8,ShuchangLiu951,2025-01-17,22:44:49,-08:00,2025-01-17T22:44:49-08:00,0,0
style.css,41,css,9f9060d8,ShuchangLiu951,2025-01-17,22:44:49,-08:00,2025-01-17T22:44:49-08:00,0,25
style.css,42,css,9f9060d8,ShuchangLiu951,2025-01-17,22:44:49,-08:00,2025-01-17T22:44:49-08:00,0,5
style.css,43,css,9f9060d8,ShuchangLiu951,2025-01-17,22:44:49,-08:00,2025-01-17T22:44:49-08:00,0,39
style.css,44,css,9f9060d8,ShuchangLiu951,2025-01-17,22:44:49,-08:00,2025-01-17T22:44:49-08:00,0,74
style.css,45,css,9f9060d8,ShuchangLiu951,2025-01-17,22:44:49,-08:00,2025-01-17T22:44:49-08:00,0,41
style.css,46,css,9f9060d8,ShuchangLiu951,2025-01-17,22:44:49,-08:00,2025-01-17T22:44:49-08:00,0,40
style.css,47,css,9f9060d8,ShuchangLiu951,2025-01-17,22:44:49,-08:00,2025-01-17T22:44:49-08:00,0,0
style.css,48,css,9f9060d8,ShuchangLiu951,2025-01-17,22:44:49,-08:00,2025-01-17T22:44:49-08:00,0,0
style.css,49,css,9f9060d8,ShuchangLiu951,2025-01-17,22:44:49,-08:00,2025-01-17T22:44:49-08:00,0,11
style.css,50,css,9f9060d8,ShuchangLiu951,2025-01-17,22:44:49,-08:00,2025-01-17T22:44:49-08:00,0,49
style.css,51,css,9f9060d8,ShuchangLiu951,2025-01-17,22:44:49,-08:00,2025-01-17T22:44:49-08:00,0,58
style.css,52,css,9f9060d8,ShuchangLiu951,2025-01-17,22:44:49,-08:00,2025-01-17T22:44:49-08:00,0,0
style.css,53,css,9f9060d8,ShuchangLiu951,2025-01-17,22:44:49,-08:00,2025-01-17T22:44:49-08:00,0,0
style.css,54,css,9f9060d8,ShuchangLiu951,2025-01-17,22:44:49,-08:00,2025-01-17T22:44:49-08:00,0,26
style.css,55,css,9f9060d8,ShuchangLiu951,2025-01-17,22:44:49,-08:00,2025-01-17T22:44:49-08:00,0,49
style.css,56,css,9f9060d8,ShuchangLiu951,2025-01-17,22:44:49,-08:00,2025-01-17T22:44:49-08:00,0,36
style.css,57,css,9f9060d8,ShuchangLiu951,2025-01-17,22:44:49,-08:00,2025-01-17T22:44:49-08:00,0,64
style.css,58,css,9f9060d8,ShuchangLiu951,2025-01-17,22:44:49,-08:00,2025-01-17T22:44:49-08:00,0,53
style.css,59,css,9f9060d8,ShuchangLiu951,2025-01-17,22:44:49,-08:00,2025-01-17T22:44:49-08:00,0,42
style.css,60,css,9f9060d8,ShuchangLiu951,2025-01-17,22:44:49,-08:00,2025-01-17T22:44:49-08:00,0,40
style.css,61,css,9f9060d8,ShuchangLiu951,2025-01-17,22:44:49,-08:00,2025-01-17T22:44:49-08:00,0,0
style.css,62,css,9f9060d8,ShuchangLiu951,2025-01-17,22:44:49,-08:00,2025-01-17T22:44:49-08:00,0,0
style.css,63,css,9f9060d8,ShuchangLiu951,2025-01-17,22:44:49,-08:00,2025-01-17T22:44:49-08:00,0,14
style.css,64,css,9f9060d8,ShuchangLiu951,2025-01-17,22:44:49,-08:00,2025-01-17T22:44:49-08:00,0,51
style.css,65,css,9f9060d8,ShuchangLiu951,2025-01-17,22:44:49,-08:00,2025-01-17T22:44:49-08:00,0,0
style.css,66,css,9f9060d8,ShuchangLiu951,2025-01-17,22:44:49,-08:00,2025-01-17T22:44:49-08:00,0,0
style.css,67,css,9f9060d8,ShuchangLiu951,2025-01-17,22:44:49,-08:00,2025-01-17T22:44:49-08:00,0,12
style.css,68,css,9f9060d8,ShuchangLiu951,2025-01-17,22:44:49,-08:00,2025-01-17T22:44:49-08:00,0,46
style.css,69,css,9f9060d8,ShuchangLiu951,2025-01-17,22:44:49,-08:00,2025-01-17T22:44:49-08:00,0,44
style.css,70,css,9f9060d8,ShuchangLiu951,2025-01-17,22:44:49,-08:00,2025-01-17T22:44:49-08:00,0,36
style.css,71,css,9f9060d8,ShuchangLiu951,2025-01-17,22:44:49,-08:00,2025-01-17T22:44:49-08:00,0,40
style.css,72,css,64153e0c,ShuchangLiu951,2025-01-17,22:53:59,-08:00,2025-01-17T22:53:59-08:00,0,48
style.css,73,css,9f9060d8,ShuchangLiu951,2025-01-17,22:44:49,-08:00,2025-01-17T22:44:49-08:00,0,35
style.css,74,css,9f9060d8,ShuchangLiu951,2025-01-17,22:44:49,-08:00,2025-01-17T22:44:49-08:00,0,45
style.css,75,css,9f9060d8,ShuchangLiu951,2025-01-17,22:44:49,-08:00,2025-01-17T22:44:49-08:00,0,40
style.css,76,css,9f9060d8,ShuchangLiu951,2025-01-17,22:44:49,-08:00,2025-01-17T22:44:49-08:00,0,0
style.css,77,css,9f9060d8,ShuchangLiu951,2025-01-17,22:44:49,-08:00,2025-01-17T22:44:49-08:00,0,0
style.css,78,css,9f9060d8,ShuchangLiu951,2025-01-17,22:44:49,-08:00,2025-01-17T22:44:49-08:00,0,18
style.css,79,css,9f9060d8,ShuchangLiu951,2025-01-17,22:44:49,-08:00,2025-01-17T22:44:49-08:00,0,58
style.css,80,css,9f9060d8,ShuchangLiu951,2025-01-17,22:44:49,-08:00,2025-01-17T22:44:49-08:00,0,0
style.css,81,css,9f9060d8,ShuchangLiu951,2025-01-17,22:44:49,-08:00,2025-01-17T22:44:49-08:00,0,0
style.css,82,css,64153e0c,ShuchangLiu951,2025-01-17,22:53:59,-08:00,2025-01-17T22:53:59-08:00,0,33
style.css,83,css,64153e0c,ShuchangLiu951,2025-01-17,22:53:59,-08:00,2025-01-17T22:53:59-08:00,0,10
style.css,84,css,11fb7ba1,ShuchangLiu951,2025-02-08,00:17:43,-08:00,2025-02-08T00:17:43-08:00,0,13
style.css,85,css,11fb7ba1,ShuchangLiu951,2025-02-08,00:17:43,-08:00,2025-02-08T00:17:43-08:00,0,98
style.css,86,css,11fb7ba1,ShuchangLiu951,2025-02-08,00:17:43,-08:00,2025-02-08T00:17:43-08:00,0,39
style.css,87,css,11fb7ba1,ShuchangLiu951,2025-02-08,00:17:43,-08:00,2025-02-08T00:17:43-08:00,0,46
style.css,88,css,11fb7ba1,ShuchangLiu951,2025-02-08,00:17:43,-08:00,2025-02-08T00:17:43-08:00,0,60
style.css,89,css,11fb7ba1,ShuchangLiu951,2025-02-08,00:17:43,-08:00,2025-02-08T00:17:43-08:00,0,67
style.css,90,css,64153e0c,ShuchangLiu951,2025-01-17,22:53:59,-08:00,2025-01-17T22:53:59-08:00,0,0
style.css,91,css,64153e0c,ShuchangLiu951,2025-01-17,22:53:59,-08:00,2025-01-17T22:53:59-08:00,0,0
style.css,92,css,64153e0c,ShuchangLiu951,2025-01-17,22:53:59,-08:00,2025-01-17T22:53:59-08:00,0,18
style.css,93,css,64153e0c,ShuchangLiu951,2025-01-17,22:53:59,-08:00,2025-01-17T22:53:59-08:00,0,54
style.css,94,css,64153e0c,ShuchangLiu951,2025-01-17,22:53:59,-08:00,2025-01-17T22:53:59-08:00,0,70
style.css,95,css,5769242d,ShuchangLiu951,2025-01-31,18:38:34,-08:00,2025-01-31T18:38:34-08:00,0,45
style.css,96,css,5769242d,ShuchangLiu951,2025-01-31,18:38:34,-08:00,2025-01-31T18:38:34-08:00,0,51
style.css,97,css,eea6b206,ShuchangLiu951,2025-01-24,20:36:47,-08:00,2025-01-24T20:36:47-08:00,0,57
style.css,98,css,64153e0c,ShuchangLiu951,2025-01-17,22:53:59,-08:00,2025-01-17T22:53:59-08:00,0,40
style.css,99,css,eea6b206,ShuchangLiu951,2025-01-24,20:36:47,-08:00,2025-01-24T20:36:47-08:00,0,71
style.css,100,css,5769242d,ShuchangLiu951,2025-01-31,18:38:34,-08:00,2025-01-31T18:38:34-08:00,0,57
style.css,101,css,64153e0c,ShuchangLiu951,2025-01-17,22:53:59,-08:00,2025-01-17T22:53:59-08:00,0,0
style.css,102,css,64153e0c,ShuchangLiu951,2025-01-17,22:53:59,-08:00,2025-01-17T22:53:59-08:00,0,0
style.css,103,css,64153e0c,ShuchangLiu951,2025-01-17,22:53:59,-08:00,2025-01-17T22:53:59-08:00,0,14
style.css,104,css,64153e0c,ShuchangLiu951,2025-01-17,22:53:59,-08:00,2025-01-17T22:53:59-08:00,0,66
style.css,105,css,64153e0c,ShuchangLiu951,2025-01-17,22:53:59,-08:00,2025-01-17T22:53:59-08:00,0,40
style.css,106,css,64153e0c,ShuchangLiu951,2025-01-17,22:53:59,-08:00,2025-01-17T22:53:59-08:00,0,54
style.css,107,css,64153e0c,ShuchangLiu951,2025-01-17,22:53:59,-08:00,2025-01-17T22:53:59-08:00,0,0
style.css,108,css,64153e0c,ShuchangLiu951,2025-01-17,22:53:59,-08:00,2025-01-17T22:53:59-08:00,0,0
style.css,109,css,64153e0c,ShuchangLiu951,2025-01-17,22:53:59,-08:00,2025-01-17T22:53:59-08:00,0,13
style.css,110,css,5769242d,ShuchangLiu951,2025-01-31,18:38:34,-08:00,2025-01-31T18:38:34-08:00,0,42
style.css,111,css,64153e0c,ShuchangLiu951,2025-01-17,22:53:59,-08:00,2025-01-17T22:53:59-08:00,0,37
style.css,112,css,5769242d,ShuchangLiu951,2025-01-31,18:38:34,-08:00,2025-01-31T18:38:34-08:00,0,17
style.css,113,css,64153e0c,ShuchangLiu951,2025-01-17,22:53:59,-08:00,2025-01-17T22:53:59-08:00,0,0
style.css,114,css,64153e0c,ShuchangLiu951,2025-01-17,22:53:59,-08:00,2025-01-17T22:53:59-08:00,0,0
style.css,115,css,64153e0c,ShuchangLiu951,2025-01-17,22:53:59,-08:00,2025-01-17T22:53:59-08:00,0,12
style.css,116,css,5769242d,ShuchangLiu951,2025-01-31,18:38:34,-08:00,2025-01-31T18:38:34-08:00,0,43
style.css,117,css,eea6b206,ShuchangLiu951,2025-01-24,20:36:47,-08:00,2025-01-24T20:36:47-08:00,0,53
style.css,118,css,5769242d,ShuchangLiu951,2025-01-31,18:38:34,-08:00,2025-01-31T18:38:34-08:00,0,42
style.css,119,css,64153e0c,ShuchangLiu951,2025-01-17,22:53:59,-08:00,2025-01-17T22:53:59-08:00,0,0
style.css,120,css,64153e0c,ShuchangLiu951,2025-01-17,22:53:59,-08:00,2025-01-17T22:53:59-08:00,0,0
style.css,121,css,6a17ee1d,ShuchangLiu951,2025-01-17,23:12:58,-08:00,2025-01-17T23:12:58-08:00,0,24
style.css,122,css,6a17ee1d,ShuchangLiu951,2025-01-17,23:12:58,-08:00,2025-01-17T23:12:58-08:00,0,10
style.css,123,css,6a17ee1d,ShuchangLiu951,2025-01-17,23:12:58,-08:00,2025-01-17T23:12:58-08:00,0,44
style.css,124,css,6a17ee1d,ShuchangLiu951,2025-01-17,23:12:58,-08:00,2025-01-17T23:12:58-08:00,0,48
style.css,125,css,6a17ee1d,ShuchangLiu951,2025-01-17,23:12:58,-08:00,2025-01-17T23:12:58-08:00,0,51
style.css,126,css,6a17ee1d,ShuchangLiu951,2025-01-17,23:12:58,-08:00,2025-01-17T23:12:58-08:00,0,0
style.css,127,css,6a17ee1d,ShuchangLiu951,2025-01-17,23:12:58,-08:00,2025-01-17T23:12:58-08:00,0,0
style.css,128,css,6a17ee1d,ShuchangLiu951,2025-01-17,23:12:58,-08:00,2025-01-17T23:12:58-08:00,0,5
style.css,129,css,6a17ee1d,ShuchangLiu951,2025-01-17,23:12:58,-08:00,2025-01-17T23:12:58-08:00,0,56
style.css,130,css,6a17ee1d,ShuchangLiu951,2025-01-17,23:12:58,-08:00,2025-01-17T23:12:58-08:00,0,41
style.css,131,css,6a17ee1d,ShuchangLiu951,2025-01-17,23:12:58,-08:00,2025-01-17T23:12:58-08:00,0,0
style.css,132,css,6a17ee1d,ShuchangLiu951,2025-01-17,23:12:58,-08:00,2025-01-17T23:12:58-08:00,0,0
style.css,133,css,6a17ee1d,ShuchangLiu951,2025-01-17,23:12:58,-08:00,2025-01-17T23:12:58-08:00,0,8
style.css,134,css,eea6b206,ShuchangLiu951,2025-01-24,20:36:47,-08:00,2025-01-24T20:36:47-08:00,0,83
style.css,135,css,6a17ee1d,ShuchangLiu951,2025-01-17,23:12:58,-08:00,2025-01-17T23:12:58-08:00,0,53
style.css,136,css,6a17ee1d,ShuchangLiu951,2025-01-17,23:12:58,-08:00,2025-01-17T23:12:58-08:00,0,46
style.css,137,css,eea6b206,ShuchangLiu951,2025-01-24,20:36:47,-08:00,2025-01-24T20:36:47-08:00,0,60
style.css,138,css,6a17ee1d,ShuchangLiu951,2025-01-17,23:12:58,-08:00,2025-01-17T23:12:58-08:00,0,73
style.css,139,css,6a17ee1d,ShuchangLiu951,2025-01-17,23:12:58,-08:00,2025-01-17T23:12:58-08:00,0,0
style.css,140,css,6a17ee1d,ShuchangLiu951,2025-01-17,23:12:58,-08:00,2025-01-17T23:12:58-08:00,0,0
style.css,141,css,6a17ee1d,ShuchangLiu951,2025-01-17,23:12:58,-08:00,2025-01-17T23:12:58-08:00,0,11
style.css,142,css,6a17ee1d,ShuchangLiu951,2025-01-17,23:12:58,-08:00,2025-01-17T23:12:58-08:00,0,50
style.css,143,css,6a17ee1d,ShuchangLiu951,2025-01-17,23:12:58,-08:00,2025-01-17T23:12:58-08:00,0,58
style.css,144,css,eea6b206,ShuchangLiu951,2025-01-24,20:36:47,-08:00,2025-01-24T20:36:47-08:00,0,51
style.css,145,css,6a17ee1d,ShuchangLiu951,2025-01-17,23:12:58,-08:00,2025-01-17T23:12:58-08:00,0,0
style.css,146,css,6a17ee1d,ShuchangLiu951,2025-01-17,23:12:58,-08:00,2025-01-17T23:12:58-08:00,0,0
style.css,147,css,6a17ee1d,ShuchangLiu951,2025-01-17,23:12:58,-08:00,2025-01-17T23:12:58-08:00,0,22
style.css,148,css,6a17ee1d,ShuchangLiu951,2025-01-17,23:12:58,-08:00,2025-01-17T23:12:58-08:00,0,61
style.css,149,css,eea6b206,ShuchangLiu951,2025-01-24,20:36:47,-08:00,2025-01-24T20:36:47-08:00,0,53
style.css,150,css,6a17ee1d,ShuchangLiu951,2025-01-17,23:12:58,-08:00,2025-01-17T23:12:58-08:00,0,42
style.css,151,css,6a17ee1d,ShuchangLiu951,2025-01-17,23:12:58,-08:00,2025-01-17T23:12:58-08:00,0,0
style.css,152,css,6a17ee1d,ShuchangLiu951,2025-01-17,23:12:58,-08:00,2025-01-17T23:12:58-08:00,0,0
style.css,153,css,6a17ee1d,ShuchangLiu951,2025-01-17,23:12:58,-08:00,2025-01-17T23:12:58-08:00,0,6
style.css,154,css,6a17ee1d,ShuchangLiu951,2025-01-17,23:12:58,-08:00,2025-01-17T23:12:58-08:00,0,57
style.css,155,css,6a17ee1d,ShuchangLiu951,2025-01-17,23:12:58,-08:00,2025-01-17T23:12:58-08:00,0,0
style.css,156,css,6a17ee1d,ShuchangLiu951,2025-01-17,23:12:58,-08:00,2025-01-17T23:12:58-08:00,0,0
style.css,157,css,eea6b206,ShuchangLiu951,2025-01-24,20:36:47,-08:00,2025-01-24T20:36:47-08:00,0,27
style.css,158,css,9f9060d8,ShuchangLiu951,2025-01-17,22:44:49,-08:00,2025-01-17T22:44:49-08:00,0,6
style.css,159,css,9f9060d8,ShuchangLiu951,2025-01-17,22:44:49,-08:00,2025-01-17T22:44:49-08:00,0,49
style.css,160,css,eea6b206,ShuchangLiu951,2025-01-24,20:36:47,-08:00,2025-01-24T20:36:47-08:00,0,52
style.css,161,css,eea6b206,ShuchangLiu951,2025-01-24,20:36:47,-08:00,2025-01-24T20:36:47-08:00,0,54
style.css,162,css,eea6b206,ShuchangLiu951,2025-01-24,20:36:47,-08:00,2025-01-24T20:36:47-08:00,0,54
style.css,163,css,eea6b206,ShuchangLiu951,2025-01-24,20:36:47,-08:00,2025-01-24T20:36:47-08:00,0,53
style.css,164,css,eea6b206,ShuchangLiu951,2025-01-24,20:36:47,-08:00,2025-01-24T20:36:47-08:00,0,57
style.css,165,css,eea6b206,ShuchangLiu951,2025-01-24,20:36:47,-08:00,2025-01-24T20:36:47-08:00,0,0
style.css,166,css,eea6b206,ShuchangLiu951,2025-01-24,20:36:47,-08:00,2025-01-24T20:36:47-08:00,0,0
style.css,167,css,eea6b206,ShuchangLiu951,2025-01-24,20:36:47,-08:00,2025-01-24T20:36:47-08:00,0,36
style.css,168,css,eea6b206,ShuchangLiu951,2025-01-24,20:36:47,-08:00,2025-01-24T20:36:47-08:00,0,6
style.css,169,css,eea6b206,ShuchangLiu951,2025-01-24,20:36:47,-08:00,2025-01-24T20:36:47-08:00,0,43
style.css,170,css,eea6b206,ShuchangLiu951,2025-01-24,20:36:47,-08:00,2025-01-24T20:36:47-08:00,0,53
style.css,171,css,eea6b206,ShuchangLiu951,2025-01-24,20:36:47,-08:00,2025-01-24T20:36:47-08:00,0,53
style.css,172,css,eea6b206,ShuchangLiu951,2025-01-24,20:36:47,-08:00,2025-01-24T20:36:47-08:00,0,55
style.css,173,css,eea6b206,ShuchangLiu951,2025-01-24,20:36:47,-08:00,2025-01-24T20:36:47-08:00,0,59
style.css,174,css,eea6b206,ShuchangLiu951,2025-01-24,20:36:47,-08:00,2025-01-24T20:36:47-08:00,0,0
style.css,175,css,eea6b206,ShuchangLiu951,2025-01-24,20:36:47,-08:00,2025-01-24T20:36:47-08:00,0,0
style.css,176,css,eea6b206,ShuchangLiu951,2025-01-24,20:36:47,-08:00,2025-01-24T20:36:47-08:00,0,0
style.css,177,css,eea6b206,ShuchangLiu951,2025-01-24,20:36:47,-08:00,2025-01-24T20:36:47-08:00,0,14
style.css,178,css,11fb7ba1,ShuchangLiu951,2025-02-08,00:17:43,-08:00,2025-02-08T00:17:43-08:00,0,61
style.css,179,css,11fb7ba1,ShuchangLiu951,2025-02-08,00:17:43,-08:00,2025-02-08T00:17:43-08:00,0,37
style.css,180,css,11fb7ba1,ShuchangLiu951,2025-02-08,00:17:43,-08:00,2025-02-08T00:17:43-08:00,0,41
style.css,181,css,11fb7ba1,ShuchangLiu951,2025-02-08,00:17:43,-08:00,2025-02-08T00:17:43-08:00,0,40
style.css,182,css,11fb7ba1,ShuchangLiu951,2025-02-08,00:17:43,-08:00,2025-02-08T00:17:43-08:00,0,58
style.css,183,css,892180ca,ShuchangLiu951,2025-01-17,21:07:04,-08:00,2025-01-17T21:07:04-08:00,0,0
style.css,184,css,dd5f1311,ShuchangLiu951,2025-01-31,17:47:16,-08:00,2025-01-31T17:47:16-08:00,0,0
style.css,185,css,dd5f1311,ShuchangLiu951,2025-01-31,17:47:16,-08:00,2025-01-31T17:47:16-08:00,0,29
style.css,186,css,dd5f1311,ShuchangLiu951,2025-01-31,17:47:16,-08:00,2025-01-31T17:47:16-08:00,0,15
style.css,187,css,dd5f1311,ShuchangLiu951,2025-01-31,17:47:16,-08:00,2025-01-31T17:47:16-08:00,0,13
style.css,188,css,dd5f1311,ShuchangLiu951,2025-01-31,17:47:16,-08:00,2025-01-31T17:47:16-08:00,0,62
style.css,189,css,dd5f1311,ShuchangLiu951,2025-01-31,17:47:16,-08:00,2025-01-31T17:47:16-08:00,0,40
style.css,190,css,dd5f1311,ShuchangLiu951,2025-01-31,17:47:16,-08:00,2025-01-31T17:47:16-08:00,0,42
style.css,191,css,dd5f1311,ShuchangLiu951,2025-01-31,17:47:16,-08:00,2025-01-31T17:47:16-08:00,0,0
style.css,192,css,dd5f1311,ShuchangLiu951,2025-01-31,17:47:16,-08:00,2025-01-31T17:47:16-08:00,0,0
style.css,193,css,dd5f1311,ShuchangLiu951,2025-01-31,17:47:16,-08:00,2025-01-31T17:47:16-08:00,0,18
style.css,194,css,dd5f1311,ShuchangLiu951,2025-01-31,17:47:16,-08:00,2025-01-31T17:47:16-08:00,0,47
style.css,195,css,dd5f1311,ShuchangLiu951,2025-01-31,17:47:16,-08:00,2025-01-31T17:47:16-08:00,0,40
style.css,196,css,dd5f1311,ShuchangLiu951,2025-01-31,17:47:16,-08:00,2025-01-31T17:47:16-08:00,0,55
style.css,197,css,dd5f1311,ShuchangLiu951,2025-01-31,17:47:16,-08:00,2025-01-31T17:47:16-08:00,0,40
style.css,198,css,dd5f1311,ShuchangLiu951,2025-01-31,17:47:16,-08:00,2025-01-31T17:47:16-08:00,0,0
style.css,199,css,dd5f1311,ShuchangLiu951,2025-01-31,17:47:16,-08:00,2025-01-31T17:47:16-08:00,0,0
style.css,200,css,dd5f1311,ShuchangLiu951,2025-01-31,17:47:16,-08:00,2025-01-31T17:47:16-08:00,0,18
style.css,201,css,dd5f1311,ShuchangLiu951,2025-01-31,17:47:16,-08:00,2025-01-31T17:47:16-08:00,0,44
style.css,202,css,dd5f1311,ShuchangLiu951,2025-01-31,17:47:16,-08:00,2025-01-31T17:47:16-08:00,0,35
style.css,203,css,dd5f1311,ShuchangLiu951,2025-01-31,17:47:16,-08:00,2025-01-31T17:47:16-08:00,0,51
style.css,204,css,dd5f1311,ShuchangLiu951,2025-01-31,17:47:16,-08:00,2025-01-31T17:47:16-08:00,0,37
style.css,205,css,dd5f1311,ShuchangLiu951,2025-01-31,17:47:16,-08:00,2025-01-31T17:47:16-08:00,0,41
style.css,206,css,dd5f1311,ShuchangLiu951,2025-01-31,17:47:16,-08:00,2025-01-31T17:47:16-08:00,0,0
style.css,207,css,63c2b34d,ShuchangLiu951,2025-02-07,19:31:19,-08:00,2025-02-07T19:31:19-08:00,0,0
style.css,208,css,11fb7ba1,ShuchangLiu951,2025-02-08,00:17:43,-08:00,2025-02-08T00:17:43-08:00,0,26
style.css,209,css,11fb7ba1,ShuchangLiu951,2025-02-08,00:17:43,-08:00,2025-02-08T00:17:43-08:00,0,17
style.css,210,css,11fb7ba1,ShuchangLiu951,2025-02-08,00:17:43,-08:00,2025-02-08T00:17:43-08:00,0,13
style.css,211,css,11fb7ba1,ShuchangLiu951,2025-02-08,00:17:43,-08:00,2025-02-08T00:17:43-08:00,0,40
style.css,212,css,11fb7ba1,ShuchangLiu951,2025-02-08,00:17:43,-08:00,2025-02-08T00:17:43-08:00,0,48
style.css,213,css,11fb7ba1,ShuchangLiu951,2025-02-08,00:17:43,-08:00,2025-02-08T00:17:43-08:00,0,67
style.css,214,css,11fb7ba1,ShuchangLiu951,2025-02-08,00:17:43,-08:00,2025-02-08T00:17:43-08:00,0,55
style.css,215,css,11fb7ba1,ShuchangLiu951,2025-02-08,00:17:43,-08:00,2025-02-08T00:17:43-08:00,0,47
style.css,216,css,11fb7ba1,ShuchangLiu951,2025-02-08,00:17:43,-08:00,2025-02-08T00:17:43-08:00,0,51
style.css,217,css,11fb7ba1,ShuchangLiu951,2025-02-08,00:17:43,-08:00,2025-02-08T00:17:43-08:00,0,0
style.css,218,css,11fb7ba1,ShuchangLiu951,2025-02-08,00:17:43,-08:00,2025-02-08T00:17:43-08:00,0,0
style.css,219,css,11fb7ba1,ShuchangLiu951,2025-02-08,00:17:43,-08:00,2025-02-08T00:17:43-08:00,0,19
style.css,220,css,11fb7ba1,ShuchangLiu951,2025-02-08,00:17:43,-08:00,2025-02-08T00:17:43-08:00,0,39
style.css,221,css,11fb7ba1,ShuchangLiu951,2025-02-08,00:17:43,-08:00,2025-02-08T00:17:43-08:00,0,36
style.css,222,css,11fb7ba1,ShuchangLiu951,2025-02-08,00:17:43,-08:00,2025-02-08T00:17:43-08:00,0,0
style.css,223,css,11fb7ba1,ShuchangLiu951,2025-02-08,00:17:43,-08:00,2025-02-08T00:17:43-08:00,0,0
style.css,224,css,11fb7ba1,ShuchangLiu951,2025-02-08,00:17:43,-08:00,2025-02-08T00:17:43-08:00,0,24
style.css,225,css,11fb7ba1,ShuchangLiu951,2025-02-08,00:17:43,-08:00,2025-02-08T00:17:43-08:00,0,53
style.css,226,css,11fb7ba1,ShuchangLiu951,2025-02-08,00:17:43,-08:00,2025-02-08T00:17:43-08:00,0,17
style.css,227,css,11fb7ba1,ShuchangLiu951,2025-02-08,00:17:43,-08:00,2025-02-08T00:17:43-08:00,0,47
style.css,228,css,11fb7ba1,ShuchangLiu951,2025-02-08,00:17:43,-08:00,2025-02-08T00:17:43-08:00,0,86
style.css,229,css,11fb7ba1,ShuchangLiu951,2025-02-08,00:17:43,-08:00,2025-02-08T00:17:43-08:00,0,0
style.css,230,css,11fb7ba1,ShuchangLiu951,2025-02-08,00:17:43,-08:00,2025-02-08T00:17:43-08:00,0,0
style.css,231,css,11fb7ba1,ShuchangLiu951,2025-02-08,00:17:43,-08:00,2025-02-08T00:17:43-08:00,0,30
style.css,232,css,11fb7ba1,ShuchangLiu951,2025-02-08,00:17:43,-08:00,2025-02-08T00:17:43-08:00,0,53
style.css,233,css,11fb7ba1,ShuchangLiu951,2025-02-08,00:17:43,-08:00,2025-02-08T00:17:43-08:00,0,0
style.css,234,css,11fb7ba1,ShuchangLiu951,2025-02-08,00:17:43,-08:00,2025-02-08T00:17:43-08:00,0,0
style.css,235,css,11fb7ba1,ShuchangLiu951,2025-02-08,00:17:43,-08:00,2025-02-08T00:17:43-08:00,0,33
style.css,236,css,11fb7ba1,ShuchangLiu951,2025-02-08,00:17:43,-08:00,2025-02-08T00:17:43-08:00,0,57
style.css,237,css,11fb7ba1,ShuchangLiu951,2025-02-08,00:17:43,-08:00,2025-02-08T00:17:43-08:00,0,13
style.css,238,css,11fb7ba1,ShuchangLiu951,2025-02-08,00:17:43,-08:00,2025-02-08T00:17:43-08:00,0,17
style.css,239,css,11fb7ba1,ShuchangLiu951,2025-02-08,00:17:43,-08:00,2025-02-08T00:17:43-08:00,0,0
style.css,240,css,11fb7ba1,ShuchangLiu951,2025-02-08,00:17:43,-08:00,2025-02-08T00:17:43-08:00,0,0
style.css,241,css,11fb7ba1,ShuchangLiu951,2025-02-08,00:17:43,-08:00,2025-02-08T00:17:43-08:00,0,19
style.css,242,css,11fb7ba1,ShuchangLiu951,2025-02-08,00:17:43,-08:00,2025-02-08T00:17:43-08:00,0,8
style.css,243,css,11fb7ba1,ShuchangLiu951,2025-02-08,00:17:43,-08:00,2025-02-08T00:17:43-08:00,0,36
style.css,244,css,11fb7ba1,ShuchangLiu951,2025-02-08,00:17:43,-08:00,2025-02-08T00:17:43-08:00,0,13
style.css,245,css,11fb7ba1,ShuchangLiu951,2025-02-08,00:17:43,-08:00,2025-02-08T00:17:43-08:00,0,79
style.css,246,css,11fb7ba1,ShuchangLiu951,2025-02-08,00:17:43,-08:00,2025-02-08T00:17:43-08:00,0,10
style.css,247,css,11fb7ba1,ShuchangLiu951,2025-02-08,00:17:43,-08:00,2025-02-08T00:17:43-08:00,0,14
style.css,248,css,11fb7ba1,ShuchangLiu951,2025-02-08,00:17:43,-08:00,2025-02-08T00:17:43-08:00,0,37
style.css,249,css,11fb7ba1,ShuchangLiu951,2025-02-08,00:17:43,-08:00,2025-02-08T00:17:43-08:00,0,18
style.css,250,css,11fb7ba1,ShuchangLiu951,2025-02-08,00:17:43,-08:00,2025-02-08T00:17:43-08:00,0,35
style.css,251,css,11fb7ba1,ShuchangLiu951,2025-02-08,00:17:43,-08:00,2025-02-08T00:17:43-08:00,0,0
style.css,252,css,11fb7ba1,ShuchangLiu951,2025-02-08,00:17:43,-08:00,2025-02-08T00:17:43-08:00,0,0
style.css,253,css,11fb7ba1,ShuchangLiu951,2025-02-08,00:17:43,-08:00,2025-02-08T00:17:43-08:00,0,11
style.css,254,css,11fb7ba1,ShuchangLiu951,2025-02-08,00:17:43,-08:00,2025-02-08T00:17:43-08:00,0,13
style.css,255,css,11fb7ba1,ShuchangLiu951,2025-02-08,00:17:43,-08:00,2025-02-08T00:17:43-08:00,0,19
style.css,256,css,11fb7ba1,ShuchangLiu951,2025-02-08,00:17:43,-08:00,2025-02-08T00:17:43-08:00,0,10
style.css,257,css,11fb7ba1,ShuchangLiu951,2025-02-08,00:17:43,-08:00,2025-02-08T00:17:43-08:00,0,14
style.css,258,css,11fb7ba1,ShuchangLiu951,2025-02-08,00:17:43,-08:00,2025-02-08T00:17:43-08:00,0,18
style.css,259,css,11fb7ba1,ShuchangLiu951,2025-02-08,00:17:43,-08:00,2025-02-08T00:17:43-08:00,0,31
style.css,260,css,11fb7ba1,ShuchangLiu951,2025-02-08,00:17:43,-08:00,2025-02-08T00:17:43-08:00,0,0
style.css,261,css,11fb7ba1,ShuchangLiu951,2025-02-08,00:17:43,-08:00,2025-02-08T00:17:43-08:00,0,0
style.css,262,css,11fb7ba1,ShuchangLiu951,2025-02-08,00:17:43,-08:00,2025-02-08T00:17:43-08:00,0,16
style.css,263,css,11fb7ba1,ShuchangLiu951,2025-02-08,00:17:43,-08:00,2025-02-08T00:17:43-08:00,0,10
style.css,264,css,11fb7ba1,ShuchangLiu951,2025-02-08,00:17:43,-08:00,2025-02-08T00:17:43-08:00,0,11
style.css,265,css,11fb7ba1,ShuchangLiu951,2025-02-08,00:17:43,-08:00,2025-02-08T00:17:43-08:00,0,18
style.css,266,css,11fb7ba1,ShuchangLiu951,2025-02-08,00:17:43,-08:00,2025-02-08T00:17:43-08:00,0,30
style.css,267,css,11fb7ba1,ShuchangLiu951,2025-02-08,00:17:43,-08:00,2025-02-08T00:17:43-08:00,0,0
style.css,268,css,63c2b34d,ShuchangLiu951,2025-02-07,19:31:19,-08:00,2025-02-07T19:31:19-08:00,0,0
style.css,269,css,11fb7ba1,ShuchangLiu951,2025-02-08,00:17:43,-08:00,2025-02-08T00:17:43-08:00,0,23
style.css,270,css,11fb7ba1,ShuchangLiu951,2025-02-08,00:17:43,-08:00,2025-02-08T00:17:43-08:00,0,11
style.css,271,css,11fb7ba1,ShuchangLiu951,2025-02-08,00:17:43,-08:00,2025-02-08T00:17:43-08:00,0,14
style.css,272,css,11fb7ba1,ShuchangLiu951,2025-02-08,00:17:43,-08:00,2025-02-08T00:17:43-08:00,0,53
style.css,273,css,11fb7ba1,ShuchangLiu951,2025-02-08,00:17:43,-08:00,2025-02-08T00:17:43-08:00,0,53
style.css,274,css,11fb7ba1,ShuchangLiu951,2025-02-08,00:17:43,-08:00,2025-02-08T00:17:43-08:00,0,53
style.css,275,css,11fb7ba1,ShuchangLiu951,2025-02-08,00:17:43,-08:00,2025-02-08T00:17:43-08:00,0,42
style.css,276,css,11fb7ba1,ShuchangLiu951,2025-02-08,00:17:43,-08:00,2025-02-08T00:17:43-08:00,0,37
style.css,277,css,11fb7ba1,ShuchangLiu951,2025-02-08,00:17:43,-08:00,2025-02-08T00:17:43-08:00,0,18
style.css,278,css,11fb7ba1,ShuchangLiu951,2025-02-08,00:17:43,-08:00,2025-02-08T00:17:43-08:00,0,37
style.css,279,css,11fb7ba1,ShuchangLiu951,2025-02-08,00:17:43,-08:00,2025-02-08T00:17:43-08:00,0,0
index.js,1,js,dd5f1311,ShuchangLiu951,2025-01-31,17:47:16,-08:00,2025-01-31T17:47:16-08:00,0,72
index.js,2,js,5066dcee,ShuchangLiu951,2025-01-31,17:11:42,-08:00,2025-01-31T17:11:42-08:00,0,0
index.js,3,js,dd5f1311,ShuchangLiu951,2025-01-31,17:47:16,-08:00,2025-01-31T17:47:16-08:00,0,40
index.js,4,js,dd5f1311,ShuchangLiu951,2025-01-31,17:47:16,-08:00,2025-01-31T17:47:16-08:00,0,55
index.js,5,js,dd5f1311,ShuchangLiu951,2025-01-31,17:47:16,-08:00,2025-01-31T17:47:16-08:00,0,47
index.js,6,js,dd5f1311,ShuchangLiu951,2025-01-31,17:47:16,-08:00,2025-01-31T17:47:16-08:00,0,68
index.js,7,js,5066dcee,ShuchangLiu951,2025-01-31,17:11:42,-08:00,2025-01-31T17:11:42-08:00,0,0
index.js,8,js,5066dcee,ShuchangLiu951,2025-01-31,17:11:42,-08:00,2025-01-31T17:11:42-08:00,0,23
index.js,9,js,dd5f1311,ShuchangLiu951,2025-01-31,17:47:16,-08:00,2025-01-31T17:47:16-08:00,0,59
index.js,10,js,5066dcee,ShuchangLiu951,2025-01-31,17:11:42,-08:00,2025-01-31T17:11:42-08:00,0,0
index.js,11,js,5066dcee,ShuchangLiu951,2025-01-31,17:11:42,-08:00,2025-01-31T17:11:42-08:00,0,0
index.js,12,js,5066dcee,ShuchangLiu951,2025-01-31,17:11:42,-08:00,2025-01-31T17:11:42-08:00,0,0
index.js,13,js,dd5f1311,ShuchangLiu951,2025-01-31,17:47:16,-08:00,2025-01-31T17:47:16-08:00,0,35
index.js,14,js,dd5f1311,ShuchangLiu951,2025-01-31,17:47:16,-08:00,2025-01-31T17:47:16-08:00,0,82
index.js,15,js,dd5f1311,ShuchangLiu951,2025-01-31,17:47:16,-08:00,2025-01-31T17:47:16-08:00,0,61
index.js,16,js,dd5f1311,ShuchangLiu951,2025-01-31,17:47:16,-08:00,2025-01-31T17:47:16-08:00,0,0
index.js,17,js,dd5f1311,ShuchangLiu951,2025-01-31,17:47:16,-08:00,2025-01-31T17:47:16-08:00,0,32
index.js,18,js,dd5f1311,ShuchangLiu951,2025-01-31,17:47:16,-08:00,2025-01-31T17:47:16-08:00,0,25
index.js,19,js,dd5f1311,ShuchangLiu951,2025-01-31,17:47:16,-08:00,2025-01-31T17:47:16-08:00,0,49
index.js,20,js,dd5f1311,ShuchangLiu951,2025-01-31,17:47:16,-08:00,2025-01-31T17:47:16-08:00,0,49
index.js,21,js,dd5f1311,ShuchangLiu951,2025-01-31,17:47:16,-08:00,2025-01-31T17:47:16-08:00,0,55
index.js,22,js,dd5f1311,ShuchangLiu951,2025-01-31,17:47:16,-08:00,2025-01-31T17:47:16-08:00,0,55
index.js,23,js,dd5f1311,ShuchangLiu951,2025-01-31,17:47:16,-08:00,2025-01-31T17:47:16-08:00,0,1
index.js,24,js,dd5f1311,ShuchangLiu951,2025-01-31,17:47:16,-08:00,2025-01-31T17:47:16-08:00,0,0
index.js,25,js,dd5f1311,ShuchangLiu951,2025-01-31,17:47:16,-08:00,2025-01-31T17:47:16-08:00,0,0
index.js,26,js,dd5f1311,ShuchangLiu951,2025-01-31,17:47:16,-08:00,2025-01-31T17:47:16-08:00,0,0
index.js,27,js,dd5f1311,ShuchangLiu951,2025-01-31,17:47:16,-08:00,2025-01-31T17:47:16-08:00,0,0
index.js,28,js,dd5f1311,ShuchangLiu951,2025-01-31,17:47:16,-08:00,2025-01-31T17:47:16-08:00,0,24
index.js,29,js,dd5f1311,ShuchangLiu951,2025-01-31,17:47:16,-08:00,2025-01-31T17:47:16-08:00,0,19
index.html,1,html,29d58042,ShuchangLiu951,2025-01-11,13:31:00,-08:00,2025-01-11T13:31:00-08:00,0,14
index.html,2,html,6a54d7c8,ShuchangLiu951,2025-01-24,20:28:30,-08:00,2025-01-24T20:28:30-08:00,0,28
index.html,3,html,29d58042,ShuchangLiu951,2025-01-11,13:31:00,-08:00,2025-01-11T13:31:00-08:00,0,5
index.html,4,html,29d58042,ShuchangLiu951,2025-01-11,13:31:00,-08:00,2025-01-11T13:31:00-08:00,0,21
index.html,5,html,29d58042,ShuchangLiu951,2025-01-11,13:31:00,-08:00,2025-01-11T13:31:00-08:00,0,69
index.html,6,html,9f9060d8,ShuchangLiu951,2025-01-17,22:44:49,-08:00,2025-01-17T22:44:49-08:00,0,55
index.html,7,html,aec5e418,ShuchangLiu951,2025-01-11,14:44:22,-08:00,2025-01-11T14:44:22-08:00,0,39
index.html,8,html,29d58042,ShuchangLiu951,2025-01-11,13:31:00,-08:00,2025-01-11T13:31:00-08:00,0,6
index.html,9,html,29d58042,ShuchangLiu951,2025-01-11,13:31:00,-08:00,2025-01-11T13:31:00-08:00,0,5
index.html,10,html,9f9060d8,ShuchangLiu951,2025-01-17,22:44:49,-08:00,2025-01-17T22:44:49-08:00,0,20
index.html,11,html,9f9060d8,ShuchangLiu951,2025-01-17,22:44:49,-08:00,2025-01-17T22:44:49-08:00,0,84
index.html,12,html,00000000,Not Committed Yet,2025-02-14,18:15:43,-08:00,2025-02-14T18:15:43-08:00,0,57
index.html,13,html,5066dcee,ShuchangLiu951,2025-01-31,17:11:42,-08:00,2025-01-31T17:11:42-08:00,0,0
index.html,14,html,dd5f1311,ShuchangLiu951,2025-01-31,17:47:16,-08:00,2025-01-31T17:47:16-08:00,0,23
index.html,15,html,dd5f1311,ShuchangLiu951,2025-01-31,17:47:16,-08:00,2025-01-31T17:47:16-08:00,0,22
index.html,16,html,dd5f1311,ShuchangLiu951,2025-01-31,17:47:16,-08:00,2025-01-31T17:47:16-08:00,0,4
index.html,17,html,dd5f1311,ShuchangLiu951,2025-01-31,17:47:16,-08:00,2025-01-31T17:47:16-08:00,0,0
index.html,18,html,5066dcee,ShuchangLiu951,2025-01-31,17:11:42,-08:00,2025-01-31T17:11:42-08:00,0,28
index.html,19,html,5066dcee,ShuchangLiu951,2025-01-31,17:11:42,-08:00,2025-01-31T17:11:42-08:00,0,32
index.html,20,html,5066dcee,ShuchangLiu951,2025-01-31,17:11:42,-08:00,2025-01-31T17:11:42-08:00,0,9
index.html,21,html,5066dcee,ShuchangLiu951,2025-01-31,17:11:42,-08:00,2025-01-31T17:11:42-08:00,0,0
index.html,22,html,dd5f1311,ShuchangLiu951,2025-01-31,17:47:16,-08:00,2025-01-31T17:47:16-08:00,0,0
index.html,23,html,2a31ba0e,ShuchangLiu951,2025-01-24,20:21:57,-08:00,2025-01-24T20:21:57-08:00,0,46
index.html,24,html,5066dcee,ShuchangLiu951,2025-01-31,17:11:42,-08:00,2025-01-31T17:11:42-08:00,0,45
index.html,25,html,6c05dcc8,ShuchangLiu951,2025-01-24,18:43:15,-08:00,2025-01-24T18:43:15-08:00,0,6
index.html,26,html,2a31ba0e,ShuchangLiu951,2025-01-24,20:21:57,-08:00,2025-01-24T20:21:57-08:00,0,6
index.html,27,html,5066dcee,ShuchangLiu951,2025-01-31,17:11:42,-08:00,2025-01-31T17:11:42-08:00,0,0
global.js,1,js,f0686a30,ShuchangLiu951,2025-01-24,18:39:07,-08:00,2025-01-24T18:39:07-08:00,0,26
global.js,2,js,f0686a30,ShuchangLiu951,2025-01-24,18:39:07,-08:00,2025-01-24T18:39:07-08:00,0,0
global.js,3,js,f0686a30,ShuchangLiu951,2025-01-24,18:39:07,-08:00,2025-01-24T18:39:07-08:00,0,42
global.js,4,js,2a31ba0e,ShuchangLiu951,2025-01-24,20:21:57,-08:00,2025-01-24T20:21:57-08:00,0,53
global.js,5,js,f0686a30,ShuchangLiu951,2025-01-24,18:39:07,-08:00,2025-01-24T18:39:07-08:00,0,0
global.js,6,js,2a31ba0e,ShuchangLiu951,2025-01-24,20:21:57,-08:00,2025-01-24T20:21:57-08:00,0,0
global.js,7,js,6a54d7c8,ShuchangLiu951,2025-01-24,20:28:30,-08:00,2025-01-24T20:28:30-08:00,0,14
global.js,8,js,6a54d7c8,ShuchangLiu951,2025-01-24,20:28:30,-08:00,2025-01-24T20:28:30-08:00,0,26
global.js,9,js,6a54d7c8,ShuchangLiu951,2025-01-24,20:28:30,-08:00,2025-01-24T20:28:30-08:00,0,39
global.js,10,js,11fb7ba1,ShuchangLiu951,2025-02-08,00:17:43,-08:00,2025-02-08T00:17:43-08:00,0,31
global.js,11,js,6a54d7c8,ShuchangLiu951,2025-01-24,20:28:30,-08:00,2025-01-24T20:28:30-08:00,0,37
global.js,12,js,00000000,Not Committed Yet,2025-02-14,18:15:43,-08:00,2025-02-14T18:15:43-08:00,0,31
global.js,13,js,6a54d7c8,ShuchangLiu951,2025-01-24,20:28:30,-08:00,2025-01-24T20:28:30-08:00,0,76
global.js,14,js,6a54d7c8,ShuchangLiu951,2025-01-24,20:28:30,-08:00,2025-01-24T20:28:30-08:00,0,1
global.js,15,js,6a54d7c8,ShuchangLiu951,2025-01-24,20:28:30,-08:00,2025-01-24T20:28:30-08:00,0,0
global.js,16,js,6a54d7c8,ShuchangLiu951,2025-01-24,20:28:30,-08:00,2025-01-24T20:28:30-08:00,0,71
global.js,17,js,6a54d7c8,ShuchangLiu951,2025-01-24,20:28:30,-08:00,2025-01-24T20:28:30-08:00,0,0
global.js,18,js,6a54d7c8,ShuchangLiu951,2025-01-24,20:28:30,-08:00,2025-01-24T20:28:30-08:00,0,41
global.js,19,js,6a54d7c8,ShuchangLiu951,2025-01-24,20:28:30,-08:00,2025-01-24T20:28:30-08:00,0,26
global.js,20,js,6a54d7c8,ShuchangLiu951,2025-01-24,20:28:30,-08:00,2025-01-24T20:28:30-08:00,0,0
global.js,21,js,6a54d7c8,ShuchangLiu951,2025-01-24,20:28:30,-08:00,2025-01-24T20:28:30-08:00,0,24
global.js,22,js,6a54d7c8,ShuchangLiu951,2025-01-24,20:28:30,-08:00,2025-01-24T20:28:30-08:00,0,35
global.js,23,js,74f05aba,ShuchangLiu951,2025-01-24,20:59:12,-08:00,2025-01-24T20:59:12-08:00,0,0
global.js,24,js,6a54d7c8,ShuchangLiu951,2025-01-24,20:28:30,-08:00,2025-01-24T20:28:30-08:00,0,45
global.js,25,js,6a54d7c8,ShuchangLiu951,2025-01-24,20:28:30,-08:00,2025-01-24T20:28:30-08:00,0,17
global.js,26,js,6a54d7c8,ShuchangLiu951,2025-01-24,20:28:30,-08:00,2025-01-24T20:28:30-08:00,0,0
global.js,27,js,6a54d7c8,ShuchangLiu951,2025-01-24,20:28:30,-08:00,2025-01-24T20:28:30-08:00,0,0
global.js,28,js,6a54d7c8,ShuchangLiu951,2025-01-24,20:28:30,-08:00,2025-01-24T20:28:30-08:00,0,37
global.js,29,js,6a54d7c8,ShuchangLiu951,2025-01-24,20:28:30,-08:00,2025-01-24T20:28:30-08:00,0,12
global.js,30,js,6a54d7c8,ShuchangLiu951,2025-01-24,20:28:30,-08:00,2025-01-24T20:28:30-08:00,0,21
global.js,31,js,6a54d7c8,ShuchangLiu951,2025-01-24,20:28:30,-08:00,2025-01-24T20:28:30-08:00,0,0
global.js,32,js,6a54d7c8,ShuchangLiu951,2025-01-24,20:28:30,-08:00,2025-01-24T20:28:30-08:00,0,66
global.js,33,js,6a54d7c8,ShuchangLiu951,2025-01-24,20:28:30,-08:00,2025-01-24T20:28:30-08:00,0,26
global.js,34,js,6a54d7c8,ShuchangLiu951,2025-01-24,20:28:30,-08:00,2025-01-24T20:28:30-08:00,0,0
global.js,35,js,6a54d7c8,ShuchangLiu951,2025-01-24,20:28:30,-08:00,2025-01-24T20:28:30-08:00,0,0
global.js,36,js,6a54d7c8,ShuchangLiu951,2025-01-24,20:28:30,-08:00,2025-01-24T20:28:30-08:00,0,14
global.js,37,js,6a54d7c8,ShuchangLiu951,2025-01-24,20:28:30,-08:00,2025-01-24T20:28:30-08:00,0,19
global.js,38,js,6a54d7c8,ShuchangLiu951,2025-01-24,20:28:30,-08:00,2025-01-24T20:28:30-08:00,0,0
global.js,39,js,6a54d7c8,ShuchangLiu951,2025-01-24,20:28:30,-08:00,2025-01-24T20:28:30-08:00,0,0
global.js,40,js,6a54d7c8,ShuchangLiu951,2025-01-24,20:28:30,-08:00,2025-01-24T20:28:30-08:00,0,18
global.js,41,js,6a54d7c8,ShuchangLiu951,2025-01-24,20:28:30,-08:00,2025-01-24T20:28:30-08:00,0,0
global.js,42,js,eea6b206,ShuchangLiu951,2025-01-24,20:36:47,-08:00,2025-01-24T20:36:47-08:00,0,0
global.js,43,js,eea6b206,ShuchangLiu951,2025-01-24,20:36:47,-08:00,2025-01-24T20:36:47-08:00,0,32
global.js,44,js,eea6b206,ShuchangLiu951,2025-01-24,20:36:47,-08:00,2025-01-24T20:36:47-08:00,0,12
global.js,45,js,eea6b206,ShuchangLiu951,2025-01-24,20:36:47,-08:00,2025-01-24T20:36:47-08:00,0,28
global.js,46,js,eea6b206,ShuchangLiu951,2025-01-24,20:36:47,-08:00,2025-01-24T20:36:47-08:00,0,5
global.js,47,js,eea6b206,ShuchangLiu951,2025-01-24,20:36:47,-08:00,2025-01-24T20:36:47-08:00,0,27
global.js,48,js,eea6b206,ShuchangLiu951,2025-01-24,20:36:47,-08:00,2025-01-24T20:36:47-08:00,0,38
global.js,49,js,eea6b206,ShuchangLiu951,2025-01-24,20:36:47,-08:00,2025-01-24T20:36:47-08:00,0,35
global.js,50,js,eea6b206,ShuchangLiu951,2025-01-24,20:36:47,-08:00,2025-01-24T20:36:47-08:00,0,33
global.js,51,js,eea6b206,ShuchangLiu951,2025-01-24,20:36:47,-08:00,2025-01-24T20:36:47-08:00,0,8
global.js,52,js,eea6b206,ShuchangLiu951,2025-01-24,20:36:47,-08:00,2025-01-24T20:36:47-08:00,0,8
global.js,53,js,eea6b206,ShuchangLiu951,2025-01-24,20:36:47,-08:00,2025-01-24T20:36:47-08:00,0,1
global.js,54,js,eea6b206,ShuchangLiu951,2025-01-24,20:36:47,-08:00,2025-01-24T20:36:47-08:00,0,0
global.js,55,js,eea6b206,ShuchangLiu951,2025-01-24,20:36:47,-08:00,2025-01-24T20:36:47-08:00,0,63
global.js,56,js,eea6b206,ShuchangLiu951,2025-01-24,20:36:47,-08:00,2025-01-24T20:36:47-08:00,0,37
global.js,57,js,eea6b206,ShuchangLiu951,2025-01-24,20:36:47,-08:00,2025-01-24T20:36:47-08:00,0,0
global.js,58,js,eea6b206,ShuchangLiu951,2025-01-24,20:36:47,-08:00,2025-01-24T20:36:47-08:00,0,27
global.js,59,js,eea6b206,ShuchangLiu951,2025-01-24,20:36:47,-08:00,2025-01-24T20:36:47-08:00,0,45
global.js,60,js,eea6b206,ShuchangLiu951,2025-01-24,20:36:47,-08:00,2025-01-24T20:36:47-08:00,0,36
global.js,61,js,eea6b206,ShuchangLiu951,2025-01-24,20:36:47,-08:00,2025-01-24T20:36:47-08:00,0,0
global.js,62,js,eea6b206,ShuchangLiu951,2025-01-24,20:36:47,-08:00,2025-01-24T20:36:47-08:00,0,0
global.js,63,js,eea6b206,ShuchangLiu951,2025-01-24,20:36:47,-08:00,2025-01-24T20:36:47-08:00,0,58
global.js,64,js,eea6b206,ShuchangLiu951,2025-01-24,20:36:47,-08:00,2025-01-24T20:36:47-08:00,0,22
global.js,65,js,eea6b206,ShuchangLiu951,2025-01-24,20:36:47,-08:00,2025-01-24T20:36:47-08:00,0,32
global.js,66,js,eea6b206,ShuchangLiu951,2025-01-24,20:36:47,-08:00,2025-01-24T20:36:47-08:00,0,0
global.js,67,js,eea6b206,ShuchangLiu951,2025-01-24,20:36:47,-08:00,2025-01-24T20:36:47-08:00,0,47
global.js,68,js,eea6b206,ShuchangLiu951,2025-01-24,20:36:47,-08:00,2025-01-24T20:36:47-08:00,0,26
global.js,69,js,eea6b206,ShuchangLiu951,2025-01-24,20:36:47,-08:00,2025-01-24T20:36:47-08:00,0,2
global.js,70,js,f581f0b4,ShuchangLiu951,2025-01-31,16:54:21,-08:00,2025-01-31T16:54:21-08:00,0,0
global.js,71,js,f581f0b4,ShuchangLiu951,2025-01-31,16:54:21,-08:00,2025-01-31T16:54:21-08:00,0,37
global.js,72,js,f581f0b4,ShuchangLiu951,2025-01-31,16:54:21,-08:00,2025-01-31T16:54:21-08:00,0,4
global.js,73,js,f581f0b4,ShuchangLiu951,2025-01-31,16:54:21,-08:00,2025-01-31T16:54:21-08:00,0,33
global.js,74,js,f581f0b4,ShuchangLiu951,2025-01-31,16:54:21,-08:00,2025-01-31T16:54:21-08:00,0,18
global.js,75,js,f581f0b4,ShuchangLiu951,2025-01-31,16:54:21,-08:00,2025-01-31T16:54:21-08:00,0,67
global.js,76,js,f581f0b4,ShuchangLiu951,2025-01-31,16:54:21,-08:00,2025-01-31T16:54:21-08:00,0,0
global.js,77,js,f581f0b4,ShuchangLiu951,2025-01-31,16:54:21,-08:00,2025-01-31T16:54:21-08:00,0,28
global.js,78,js,f581f0b4,ShuchangLiu951,2025-01-31,16:54:21,-08:00,2025-01-31T16:54:21-08:00,0,16
global.js,79,js,f581f0b4,ShuchangLiu951,2025-01-31,16:54:21,-08:00,2025-01-31T16:54:21-08:00,0,60
global.js,80,js,f581f0b4,ShuchangLiu951,2025-01-31,16:54:21,-08:00,2025-01-31T16:54:21-08:00,0,0
global.js,81,js,f581f0b4,ShuchangLiu951,2025-01-31,16:54:21,-08:00,2025-01-31T16:54:21-08:00,0,0
global.js,82,js,f581f0b4,ShuchangLiu951,2025-01-31,16:54:21,-08:00,2025-01-31T16:54:21-08:00,0,0
global.js,83,js,f581f0b4,ShuchangLiu951,2025-01-31,16:54:21,-08:00,2025-01-31T16:54:21-08:00,0,80
global.js,84,js,f581f0b4,ShuchangLiu951,2025-01-31,16:54:21,-08:00,2025-01-31T16:54:21-08:00,0,29
global.js,85,js,f581f0b4,ShuchangLiu951,2025-01-31,16:54:21,-08:00,2025-01-31T16:54:21-08:00,0,31
global.js,86,js,f581f0b4,ShuchangLiu951,2025-01-31,16:54:21,-08:00,2025-01-31T16:54:21-08:00,0,0
global.js,87,js,f581f0b4,ShuchangLiu951,2025-01-31,16:54:21,-08:00,2025-01-31T16:54:21-08:00,0,30
global.js,88,js,f581f0b4,ShuchangLiu951,2025-01-31,16:54:21,-08:00,2025-01-31T16:54:21-08:00,0,49
global.js,89,js,f581f0b4,ShuchangLiu951,2025-01-31,16:54:21,-08:00,2025-01-31T16:54:21-08:00,0,20
global.js,90,js,f581f0b4,ShuchangLiu951,2025-01-31,16:54:21,-08:00,2025-01-31T16:54:21-08:00,0,50
global.js,91,js,f581f0b4,ShuchangLiu951,2025-01-31,16:54:21,-08:00,2025-01-31T16:54:21-08:00,0,50
global.js,92,js,f581f0b4,ShuchangLiu951,2025-01-31,16:54:21,-08:00,2025-01-31T16:54:21-08:00,0,28
global.js,93,js,f581f0b4,ShuchangLiu951,2025-01-31,16:54:21,-08:00,2025-01-31T16:54:21-08:00,0,1
global.js,94,js,f581f0b4,ShuchangLiu951,2025-01-31,16:54:21,-08:00,2025-01-31T16:54:21-08:00,0,37
global.js,95,js,f581f0b4,ShuchangLiu951,2025-01-31,16:54:21,-08:00,2025-01-31T16:54:21-08:00,0,2
global.js,96,js,f581f0b4,ShuchangLiu951,2025-01-31,16:54:21,-08:00,2025-01-31T16:54:21-08:00,0,0
global.js,97,js,dd5f1311,ShuchangLiu951,2025-01-31,17:47:16,-08:00,2025-01-31T17:47:16-08:00,0,0
global.js,98,js,dd5f1311,ShuchangLiu951,2025-01-31,17:47:16,-08:00,2025-01-31T17:47:16-08:00,0,48
global.js,99,js,dd5f1311,ShuchangLiu951,2025-01-31,17:47:16,-08:00,2025-01-31T17:47:16-08:00,0,4
global.js,100,js,dd5f1311,ShuchangLiu951,2025-01-31,17:47:16,-08:00,2025-01-31T17:47:16-08:00,0,72
global.js,101,js,dd5f1311,ShuchangLiu951,2025-01-31,17:47:16,-08:00,2025-01-31T17:47:16-08:00,0,18
global.js,102,js,dd5f1311,ShuchangLiu951,2025-01-31,17:47:16,-08:00,2025-01-31T17:47:16-08:00,0,68
global.js,103,js,dd5f1311,ShuchangLiu951,2025-01-31,17:47:16,-08:00,2025-01-31T17:47:16-08:00,0,0
global.js,104,js,dd5f1311,ShuchangLiu951,2025-01-31,17:47:16,-08:00,2025-01-31T17:47:16-08:00,0,28
global.js,105,js,dd5f1311,ShuchangLiu951,2025-01-31,17:47:16,-08:00,2025-01-31T17:47:16-08:00,0,16
global.js,106,js,dd5f1311,ShuchangLiu951,2025-01-31,17:47:16,-08:00,2025-01-31T17:47:16-08:00,0,51
global.js,107,js,dd5f1311,ShuchangLiu951,2025-01-31,17:47:16,-08:00,2025-01-31T17:47:16-08:00,0,0
global.js,108,js,dd5f1311,ShuchangLiu951,2025-01-31,17:47:16,-08:00,2025-01-31T17:47:16-08:00,0,0
projects/projects.js,1,js,63c2b34d,ShuchangLiu951,2025-02-07,19:31:19,-08:00,2025-02-07T19:31:19-08:00,0,40
projects/projects.js,2,js,11fb7ba1,ShuchangLiu951,2025-02-08,00:17:43,-08:00,2025-02-08T00:17:43-08:00,0,64
projects/projects.js,3,js,11fb7ba1,ShuchangLiu951,2025-02-08,00:17:43,-08:00,2025-02-08T00:17:43-08:00,0,0
projects/projects.js,4,js,11fb7ba1,ShuchangLiu951,2025-02-08,00:17:43,-08:00,2025-02-08T00:17:43-08:00,0,17
projects/projects.js,5,js,11fb7ba1,ShuchangLiu951,2025-02-08,00:17:43,-08:00,2025-02-08T00:17:43-08:00,0,14
projects/projects.js,6,js,11fb7ba1,ShuchangLiu951,2025-02-08,00:17:43,-08:00,2025-02-08T00:17:43-08:00,0,23
projects/projects.js,7,js,f581f0b4,ShuchangLiu951,2025-01-31,16:54:21,-08:00,2025-01-31T16:54:21-08:00,0,0
projects/projects.js,8,js,f581f0b4,ShuchangLiu951,2025-01-31,16:54:21,-08:00,2025-01-31T16:54:21-08:00,0,30
projects/projects.js,9,js,11fb7ba1,ShuchangLiu951,2025-02-08,00:17:43,-08:00,2025-02-08T00:17:43-08:00,0,50
projects/projects.js,10,js,11fb7ba1,ShuchangLiu951,2025-02-08,00:17:43,-08:00,2025-02-08T00:17:43-08:00,0,85
projects/projects.js,11,js,11fb7ba1,ShuchangLiu951,2025-02-08,00:17:43,-08:00,2025-02-08T00:17:43-08:00,0,24
projects/projects.js,12,js,11fb7ba1,ShuchangLiu951,2025-02-08,00:17:43,-08:00,2025-02-08T00:17:43-08:00,0,24
projects/projects.js,13,js,11fb7ba1,ShuchangLiu951,2025-02-08,00:17:43,-08:00,2025-02-08T00:17:43-08:00,0,0
projects/projects.js,14,js,11fb7ba1,ShuchangLiu951,2025-02-08,00:17:43,-08:00,2025-02-08T00:17:43-08:00,0,0
projects/projects.js,15,js,11fb7ba1,ShuchangLiu951,2025-02-08,00:17:43,-08:00,2025-02-08T00:17:43-08:00,0,14
projects/projects.js,16,js,63c2b34d,ShuchangLiu951,2025-02-07,19:31:19,-08:00,2025-02-07T19:31:19-08:00,0,0
projects/projects.js,17,js,11fb7ba1,ShuchangLiu951,2025-02-08,00:17:43,-08:00,2025-02-08T00:17:43-08:00,0,42
projects/projects.js,18,js,11fb7ba1,ShuchangLiu951,2025-02-08,00:17:43,-08:00,2025-02-08T00:17:43-08:00,0,61
projects/projects.js,19,js,11fb7ba1,ShuchangLiu951,2025-02-08,00:17:43,-08:00,2025-02-08T00:17:43-08:00,0,62
projects/projects.js,20,js,11fb7ba1,ShuchangLiu951,2025-02-08,00:17:43,-08:00,2025-02-08T00:17:43-08:00,0,8
projects/projects.js,21,js,11fb7ba1,ShuchangLiu951,2025-02-08,00:17:43,-08:00,2025-02-08T00:17:43-08:00,0,24
projects/projects.js,22,js,11fb7ba1,ShuchangLiu951,2025-02-08,00:17:43,-08:00,2025-02-08T00:17:43-08:00,0,50
projects/projects.js,23,js,11fb7ba1,ShuchangLiu951,2025-02-08,00:17:43,-08:00,2025-02-08T00:17:43-08:00,0,28
projects/projects.js,24,js,11fb7ba1,ShuchangLiu951,2025-02-08,00:17:43,-08:00,2025-02-08T00:17:43-08:00,0,25
projects/projects.js,25,js,11fb7ba1,ShuchangLiu951,2025-02-08,00:17:43,-08:00,2025-02-08T00:17:43-08:00,0,24
projects/projects.js,26,js,11fb7ba1,ShuchangLiu951,2025-02-08,00:17:43,-08:00,2025-02-08T00:17:43-08:00,0,5
projects/projects.js,27,js,11fb7ba1,ShuchangLiu951,2025-02-08,00:17:43,-08:00,2025-02-08T00:17:43-08:00,0,9
projects/projects.js,28,js,11fb7ba1,ShuchangLiu951,2025-02-08,00:17:43,-08:00,2025-02-08T00:17:43-08:00,0,11
projects/projects.js,29,js,63c2b34d,ShuchangLiu951,2025-02-07,19:31:19,-08:00,2025-02-07T19:31:19-08:00,0,0
projects/projects.js,30,js,63c2b34d,ShuchangLiu951,2025-02-07,19:31:19,-08:00,2025-02-07T19:31:19-08:00,0,0
projects/projects.js,31,js,11fb7ba1,ShuchangLiu951,2025-02-08,00:17:43,-08:00,2025-02-08T00:17:43-08:00,0,37
projects/projects.js,32,js,11fb7ba1,ShuchangLiu951,2025-02-08,00:17:43,-08:00,2025-02-08T00:17:43-08:00,0,29
projects/projects.js,33,js,11fb7ba1,ShuchangLiu951,2025-02-08,00:17:43,-08:00,2025-02-08T00:17:43-08:00,0,11
projects/projects.js,34,js,11fb7ba1,ShuchangLiu951,2025-02-08,00:17:43,-08:00,2025-02-08T00:17:43-08:00,0,13
projects/projects.js,35,js,11fb7ba1,ShuchangLiu951,2025-02-08,00:17:43,-08:00,2025-02-08T00:17:43-08:00,0,10
projects/projects.js,36,js,11fb7ba1,ShuchangLiu951,2025-02-08,00:17:43,-08:00,2025-02-08T00:17:43-08:00,0,1
projects/projects.js,37,js,11fb7ba1,ShuchangLiu951,2025-02-08,00:17:43,-08:00,2025-02-08T00:17:43-08:00,0,79
projects/projects.js,38,js,11fb7ba1,ShuchangLiu951,2025-02-08,00:17:43,-08:00,2025-02-08T00:17:43-08:00,0,0
projects/projects.js,39,js,11fb7ba1,ShuchangLiu951,2025-02-08,00:17:43,-08:00,2025-02-08T00:17:43-08:00,0,51
projects/projects.js,40,js,11fb7ba1,ShuchangLiu951,2025-02-08,00:17:43,-08:00,2025-02-08T00:17:43-08:00,0,36
projects/projects.js,41,js,63c2b34d,ShuchangLiu951,2025-02-07,19:31:19,-08:00,2025-02-07T19:31:19-08:00,0,0
projects/projects.js,42,js,11fb7ba1,ShuchangLiu951,2025-02-08,00:17:43,-08:00,2025-02-08T00:17:43-08:00,0,60
projects/projects.js,43,js,11fb7ba1,ShuchangLiu951,2025-02-08,00:17:43,-08:00,2025-02-08T00:17:43-08:00,0,46
projects/projects.js,44,js,63c2b34d,ShuchangLiu951,2025-02-07,19:31:19,-08:00,2025-02-07T19:31:19-08:00,0,0
projects/projects.js,45,js,11fb7ba1,ShuchangLiu951,2025-02-08,00:17:43,-08:00,2025-02-08T00:17:43-08:00,0,50
projects/projects.js,46,js,63c2b34d,ShuchangLiu951,2025-02-07,19:31:19,-08:00,2025-02-07T19:31:19-08:00,0,0
projects/projects.js,47,js,11fb7ba1,ShuchangLiu951,2025-02-08,00:17:43,-08:00,2025-02-08T00:17:43-08:00,0,55
projects/projects.js,48,js,63c2b34d,ShuchangLiu951,2025-02-07,19:31:19,-08:00,2025-02-07T19:31:19-08:00,0,0
projects/projects.js,49,js,11fb7ba1,ShuchangLiu951,2025-02-08,00:17:43,-08:00,2025-02-08T00:17:43-08:00,0,27
projects/projects.js,50,js,11fb7ba1,ShuchangLiu951,2025-02-08,00:17:43,-08:00,2025-02-08T00:17:43-08:00,0,30
projects/projects.js,51,js,11fb7ba1,ShuchangLiu951,2025-02-08,00:17:43,-08:00,2025-02-08T00:17:43-08:00,0,14
projects/projects.js,52,js,11fb7ba1,ShuchangLiu951,2025-02-08,00:17:43,-08:00,2025-02-08T00:17:43-08:00,0,14
projects/projects.js,53,js,11fb7ba1,ShuchangLiu951,2025-02-08,00:17:43,-08:00,2025-02-08T00:17:43-08:00,0,25
projects/projects.js,54,js,11fb7ba1,ShuchangLiu951,2025-02-08,00:17:43,-08:00,2025-02-08T00:17:43-08:00,0,19
projects/projects.js,55,js,11fb7ba1,ShuchangLiu951,2025-02-08,00:17:43,-08:00,2025-02-08T00:17:43-08:00,0,38
projects/projects.js,56,js,11fb7ba1,ShuchangLiu951,2025-02-08,00:17:43,-08:00,2025-02-08T00:17:43-08:00,0,19
projects/projects.js,57,js,11fb7ba1,ShuchangLiu951,2025-02-08,00:17:43,-08:00,2025-02-08T00:17:43-08:00,0,24
projects/projects.js,58,js,11fb7ba1,ShuchangLiu951,2025-02-08,00:17:43,-08:00,2025-02-08T00:17:43-08:00,0,7
projects/projects.js,59,js,11fb7ba1,ShuchangLiu951,2025-02-08,00:17:43,-08:00,2025-02-08T00:17:43-08:00,0,30
projects/projects.js,60,js,11fb7ba1,ShuchangLiu951,2025-02-08,00:17:43,-08:00,2025-02-08T00:17:43-08:00,0,62
projects/projects.js,61,js,11fb7ba1,ShuchangLiu951,2025-02-08,00:17:43,-08:00,2025-02-08T00:17:43-08:00,0,24
projects/projects.js,62,js,11fb7ba1,ShuchangLiu951,2025-02-08,00:17:43,-08:00,2025-02-08T00:17:43-08:00,0,0
projects/projects.js,63,js,11fb7ba1,ShuchangLiu951,2025-02-08,00:17:43,-08:00,2025-02-08T00:17:43-08:00,0,2
projects/projects.js,64,js,11fb7ba1,ShuchangLiu951,2025-02-08,00:17:43,-08:00,2025-02-08T00:17:43-08:00,0,2
projects/projects.js,65,js,63c2b34d,ShuchangLiu951,2025-02-07,19:31:19,-08:00,2025-02-07T19:31:19-08:00,0,0
projects/projects.js,66,js,11fb7ba1,ShuchangLiu951,2025-02-08,00:17:43,-08:00,2025-02-08T00:17:43-08:00,0,35
projects/projects.js,67,js,11fb7ba1,ShuchangLiu951,2025-02-08,00:17:43,-08:00,2025-02-08T00:17:43-08:00,0,30
projects/projects.js,68,js,63c2b34d,ShuchangLiu951,2025-02-07,19:31:19,-08:00,2025-02-07T19:31:19-08:00,0,0
projects/projects.js,69,js,11fb7ba1,ShuchangLiu951,2025-02-08,00:17:43,-08:00,2025-02-08T00:17:43-08:00,0,25
projects/projects.js,70,js,11fb7ba1,ShuchangLiu951,2025-02-08,00:17:43,-08:00,2025-02-08T00:17:43-08:00,0,18
projects/projects.js,71,js,11fb7ba1,ShuchangLiu951,2025-02-08,00:17:43,-08:00,2025-02-08T00:17:43-08:00,0,39
projects/projects.js,72,js,11fb7ba1,ShuchangLiu951,2025-02-08,00:17:43,-08:00,2025-02-08T00:17:43-08:00,0,70
projects/projects.js,73,js,11fb7ba1,ShuchangLiu951,2025-02-08,00:17:43,-08:00,2025-02-08T00:17:43-08:00,0,2
projects/projects.js,74,js,f581f0b4,ShuchangLiu951,2025-01-31,16:54:21,-08:00,2025-01-31T16:54:21-08:00,0,0
projects/projects.js,75,js,f581f0b4,ShuchangLiu951,2025-01-31,16:54:21,-08:00,2025-01-31T16:54:21-08:00,0,0
projects/projects.js,76,js,11fb7ba1,ShuchangLiu951,2025-02-08,00:17:43,-08:00,2025-02-08T00:17:43-08:00,0,72
projects/projects.js,77,js,11fb7ba1,ShuchangLiu951,2025-02-08,00:17:43,-08:00,2025-02-08T00:17:43-08:00,0,40
projects/projects.js,78,js,11fb7ba1,ShuchangLiu951,2025-02-08,00:17:43,-08:00,2025-02-08T00:17:43-08:00,0,40
projects/projects.js,79,js,11fb7ba1,ShuchangLiu951,2025-02-08,00:17:43,-08:00,2025-02-08T00:17:43-08:00,0,61
projects/projects.js,80,js,11fb7ba1,ShuchangLiu951,2025-02-08,00:17:43,-08:00,2025-02-08T00:17:43-08:00,0,1
projects/projects.js,81,js,11fb7ba1,ShuchangLiu951,2025-02-08,00:17:43,-08:00,2025-02-08T00:17:43-08:00,0,0
projects/projects.js,82,js,11fb7ba1,ShuchangLiu951,2025-02-08,00:17:43,-08:00,2025-02-08T00:17:43-08:00,0,18
projects/projects.js,83,js,11fb7ba1,ShuchangLiu951,2025-02-08,00:17:43,-08:00,2025-02-08T00:17:43-08:00,0,68
projects/projects.js,84,js,11fb7ba1,ShuchangLiu951,2025-02-08,00:17:43,-08:00,2025-02-08T00:17:43-08:00,0,0
projects/projects.js,85,js,11fb7ba1,ShuchangLiu951,2025-02-08,00:17:43,-08:00,2025-02-08T00:17:43-08:00,0,0
projects/projects.js,86,js,11fb7ba1,ShuchangLiu951,2025-02-08,00:17:43,-08:00,2025-02-08T00:17:43-08:00,0,24
projects/projects.js,87,js,11fb7ba1,ShuchangLiu951,2025-02-08,00:17:43,-08:00,2025-02-08T00:17:43-08:00,0,2
projects/index.html,1,html,64153e0c,ShuchangLiu951,2025-01-17,22:53:59,-08:00,2025-01-17T22:53:59-08:00,0,14
projects/index.html,2,html,64153e0c,ShuchangLiu951,2025-01-17,22:53:59,-08:00,2025-01-17T22:53:59-08:00,0,15
projects/index.html,3,html,64153e0c,ShuchangLiu951,2025-01-17,22:53:59,-08:00,2025-01-17T22:53:59-08:00,0,5
projects/index.html,4,html,64153e0c,ShuchangLiu951,2025-01-17,22:53:59,-08:00,2025-01-17T22:53:59-08:00,0,21
projects/index.html,5,html,64153e0c,ShuchangLiu951,2025-01-17,22:53:59,-08:00,2025-01-17T22:53:59-08:00,0,69
projects/index.html,6,html,64153e0c,ShuchangLiu951,2025-01-17,22:53:59,-08:00,2025-01-17T22:53:59-08:00,0,22
projects/index.html,7,html,2a31ba0e,ShuchangLiu951,2025-01-24,20:21:57,-08:00,2025-01-24T20:21:57-08:00,0,42
projects/index.html,8,html,64153e0c,ShuchangLiu951,2025-01-17,22:53:59,-08:00,2025-01-17T22:53:59-08:00,0,6
projects/index.html,9,html,64153e0c,ShuchangLiu951,2025-01-17,22:53:59,-08:00,2025-01-17T22:53:59-08:00,0,5
projects/index.html,10,html,11fb7ba1,ShuchangLiu951,2025-02-08,00:17:43,-08:00,2025-02-08T00:17:43-08:00,0,31
projects/index.html,11,html,f581f0b4,ShuchangLiu951,2025-01-31,16:54:21,-08:00,2025-01-31T16:54:21-08:00,0,0
projects/index.html,12,html,11fb7ba1,ShuchangLiu951,2025-02-08,00:17:43,-08:00,2025-02-08T00:17:43-08:00,0,28
projects/index.html,13,html,11fb7ba1,ShuchangLiu951,2025-02-08,00:17:43,-08:00,2025-02-08T00:17:43-08:00,0,59
projects/index.html,14,html,11fb7ba1,ShuchangLiu951,2025-02-08,00:17:43,-08:00,2025-02-08T00:17:43-08:00,0,23
projects/index.html,15,html,11fb7ba1,ShuchangLiu951,2025-02-08,00:17:43,-08:00,2025-02-08T00:17:43-08:00,0,5
projects/index.html,16,html,11fb7ba1,ShuchangLiu951,2025-02-08,00:17:43,-08:00,2025-02-08T00:17:43-08:00,0,0
projects/index.html,17,html,11fb7ba1,ShuchangLiu951,2025-02-08,00:17:43,-08:00,2025-02-08T00:17:43-08:00,0,103
projects/index.html,18,html,11fb7ba1,ShuchangLiu951,2025-02-08,00:17:43,-08:00,2025-02-08T00:17:43-08:00,0,0
projects/index.html,19,html,11fb7ba1,ShuchangLiu951,2025-02-08,00:17:43,-08:00,2025-02-08T00:17:43-08:00,0,35
projects/index.html,20,html,63c2b34d,ShuchangLiu951,2025-02-07,19:31:19,-08:00,2025-02-07T19:31:19-08:00,0,0
projects/index.html,21,html,2a31ba0e,ShuchangLiu951,2025-01-24,20:21:57,-08:00,2025-01-24T20:21:57-08:00,0,49
projects/index.html,22,html,f581f0b4,ShuchangLiu951,2025-01-31,16:54:21,-08:00,2025-01-31T16:54:21-08:00,0,48
projects/index.html,23,html,6c05dcc8,ShuchangLiu951,2025-01-24,18:43:15,-08:00,2025-01-24T18:43:15-08:00,0,6
projects/index.html,24,html,11fb7ba1,ShuchangLiu951,2025-02-08,00:17:43,-08:00,2025-02-08T00:17:43-08:00,0,6
contact/index.html,1,html,aec5e418,ShuchangLiu951,2025-01-11,14:44:22,-08:00,2025-01-11T14:44:22-08:00,0,14
contact/index.html,2,html,aec5e418,ShuchangLiu951,2025-01-11,14:44:22,-08:00,2025-01-11T14:44:22-08:00,0,15
contact/index.html,3,html,aec5e418,ShuchangLiu951,2025-01-11,14:44:22,-08:00,2025-01-11T14:44:22-08:00,0,5
contact/index.html,4,html,aec5e418,ShuchangLiu951,2025-01-11,14:44:22,-08:00,2025-01-11T14:44:22-08:00,0,21
contact/index.html,5,html,aec5e418,ShuchangLiu951,2025-01-11,14:44:22,-08:00,2025-01-11T14:44:22-08:00,0,69
contact/index.html,6,html,aec5e418,ShuchangLiu951,2025-01-11,14:44:22,-08:00,2025-01-11T14:44:22-08:00,0,28
contact/index.html,7,html,2a31ba0e,ShuchangLiu951,2025-01-24,20:21:57,-08:00,2025-01-24T20:21:57-08:00,0,42
contact/index.html,8,html,aec5e418,ShuchangLiu951,2025-01-11,14:44:22,-08:00,2025-01-11T14:44:22-08:00,0,6
contact/index.html,9,html,aec5e418,ShuchangLiu951,2025-01-11,14:44:22,-08:00,2025-01-11T14:44:22-08:00,0,5
contact/index.html,10,html,2a31ba0e,ShuchangLiu951,2025-01-24,20:21:57,-08:00,2025-01-24T20:21:57-08:00,0,18
contact/index.html,11,html,aec5e418,ShuchangLiu951,2025-01-11,14:44:22,-08:00,2025-01-11T14:44:22-08:00,0,0
contact/index.html,12,html,a0070993,ShuchangLiu951,2025-01-11,15:38:17,-08:00,2025-01-11T15:38:17-08:00,0,72
contact/index.html,13,html,9f9060d8,ShuchangLiu951,2025-01-17,22:44:49,-08:00,2025-01-17T22:44:49-08:00,0,32
contact/index.html,14,html,9f9060d8,ShuchangLiu951,2025-01-17,22:44:49,-08:00,2025-01-17T22:44:49-08:00,0,52
contact/index.html,15,html,9f9060d8,ShuchangLiu951,2025-01-17,22:44:49,-08:00,2025-01-17T22:44:49-08:00,0,0
contact/index.html,16,html,9f9060d8,ShuchangLiu951,2025-01-17,22:44:49,-08:00,2025-01-17T22:44:49-08:00,0,36
contact/index.html,17,html,9f9060d8,ShuchangLiu951,2025-01-17,22:44:49,-08:00,2025-01-17T22:44:49-08:00,0,55
contact/index.html,18,html,9f9060d8,ShuchangLiu951,2025-01-17,22:44:49,-08:00,2025-01-17T22:44:49-08:00,0,0
contact/index.html,19,html,9f9060d8,ShuchangLiu951,2025-01-17,22:44:49,-08:00,2025-01-17T22:44:49-08:00,0,33
contact/index.html,20,html,9f9060d8,ShuchangLiu951,2025-01-17,22:44:49,-08:00,2025-01-17T22:44:49-08:00,0,60
contact/index.html,21,html,9f9060d8,ShuchangLiu951,2025-01-17,22:44:49,-08:00,2025-01-17T22:44:49-08:00,0,0
contact/index.html,22,html,9f9060d8,ShuchangLiu951,2025-01-17,22:44:49,-08:00,2025-01-17T22:44:49-08:00,0,34
contact/index.html,23,html,a0070993,ShuchangLiu951,2025-01-11,15:38:17,-08:00,2025-01-11T15:38:17-08:00,0,6
contact/index.html,24,html,2a31ba0e,ShuchangLiu951,2025-01-24,20:21:57,-08:00,2025-01-24T20:21:57-08:00,0,49
contact/index.html,25,html,6c05dcc8,ShuchangLiu951,2025-01-24,18:43:15,-08:00,2025-01-24T18:43:15-08:00,0,6
contact/index.html,26,html,a0070993,ShuchangLiu951,2025-01-11,15:38:17,-08:00,2025-01-11T15:38:17-08:00,0,6
Resume/index.html,1,html,338392bc,ShuchangLiu951,2025-01-11,16:16:07,-08:00,2025-01-11T16:16:07-08:00,0,14
Resume/index.html,2,html,338392bc,ShuchangLiu951,2025-01-11,16:16:07,-08:00,2025-01-11T16:16:07-08:00,0,15
Resume/index.html,3,html,338392bc,ShuchangLiu951,2025-01-11,16:16:07,-08:00,2025-01-11T16:16:07-08:00,0,5
Resume/index.html,4,html,338392bc,ShuchangLiu951,2025-01-11,16:16:07,-08:00,2025-01-11T16:16:07-08:00,0,21
Resume/index.html,5,html,338392bc,ShuchangLiu951,2025-01-11,16:16:07,-08:00,2025-01-11T16:16:07-08:00,0,69
Resume/index.html,6,html,338392bc,ShuchangLiu951,2025-01-11,16:16:07,-08:00,2025-01-11T16:16:07-08:00,0,31
Resume/index.html,7,html,6a17ee1d,ShuchangLiu951,2025-01-17,23:12:58,-08:00,2025-01-17T23:12:58-08:00,0,42
Resume/index.html,8,html,338392bc,ShuchangLiu951,2025-01-11,16:16:07,-08:00,2025-01-11T16:16:07-08:00,0,6
Resume/index.html,9,html,338392bc,ShuchangLiu951,2025-01-11,16:16:07,-08:00,2025-01-11T16:16:07-08:00,0,5
Resume/index.html,10,html,338392bc,ShuchangLiu951,2025-01-11,16:16:07,-08:00,2025-01-11T16:16:07-08:00,0,7
Resume/index.html,11,html,338392bc,ShuchangLiu951,2025-01-11,16:16:07,-08:00,2025-01-11T16:16:07-08:00,0,24
Resume/index.html,12,html,338392bc,ShuchangLiu951,2025-01-11,16:16:07,-08:00,2025-01-11T16:16:07-08:00,0,8
Resume/index.html,13,html,338392bc,ShuchangLiu951,2025-01-11,16:16:07,-08:00,2025-01-11T16:16:07-08:00,0,0
Resume/index.html,14,html,338392bc,ShuchangLiu951,2025-01-11,16:16:07,-08:00,2025-01-11T16:16:07-08:00,0,5
Resume/index.html,15,html,338392bc,ShuchangLiu951,2025-01-11,16:16:07,-08:00,2025-01-11T16:16:07-08:00,0,8
Resume/index.html,16,html,338392bc,ShuchangLiu951,2025-01-11,16:16:07,-08:00,2025-01-11T16:16:07-08:00,0,28
Resume/index.html,17,html,6a17ee1d,ShuchangLiu951,2025-01-17,23:12:58,-08:00,2025-01-17T23:12:58-08:00,0,41
Resume/index.html,18,html,6a17ee1d,ShuchangLiu951,2025-01-17,23:12:58,-08:00,2025-01-17T23:12:58-08:00,0,45
Resume/index.html,19,html,6a17ee1d,ShuchangLiu951,2025-01-17,23:12:58,-08:00,2025-01-17T23:12:58-08:00,0,45
Resume/index.html,20,html,338392bc,ShuchangLiu951,2025-01-11,16:16:07,-08:00,2025-01-11T16:16:07-08:00,0,9
Resume/index.html,21,html,338392bc,ShuchangLiu951,2025-01-11,16:16:07,-08:00,2025-01-11T16:16:07-08:00,0,0
Resume/index.html,22,html,338392bc,ShuchangLiu951,2025-01-11,16:16:07,-08:00,2025-01-11T16:16:07-08:00,0,8
Resume/index.html,23,html,338392bc,ShuchangLiu951,2025-01-11,16:16:07,-08:00,2025-01-11T16:16:07-08:00,0,17
Resume/index.html,24,html,338392bc,ShuchangLiu951,2025-01-11,16:16:07,-08:00,2025-01-11T16:16:07-08:00,0,8
Resume/index.html,25,html,338392bc,ShuchangLiu951,2025-01-11,16:16:07,-08:00,2025-01-11T16:16:07-08:00,0,42
Resume/index.html,26,html,338392bc,ShuchangLiu951,2025-01-11,16:16:07,-08:00,2025-01-11T16:16:07-08:00,0,19
Resume/index.html,27,html,338392bc,ShuchangLiu951,2025-01-11,16:16:07,-08:00,2025-01-11T16:16:07-08:00,0,25
Resume/index.html,28,html,338392bc,ShuchangLiu951,2025-01-11,16:16:07,-08:00,2025-01-11T16:16:07-08:00,0,9
Resume/index.html,29,html,338392bc,ShuchangLiu951,2025-01-11,16:16:07,-08:00,2025-01-11T16:16:07-08:00,0,9
Resume/index.html,30,html,338392bc,ShuchangLiu951,2025-01-11,16:16:07,-08:00,2025-01-11T16:16:07-08:00,0,0
Resume/index.html,31,html,338392bc,ShuchangLiu951,2025-01-11,16:16:07,-08:00,2025-01-11T16:16:07-08:00,0,8
Resume/index.html,32,html,338392bc,ShuchangLiu951,2025-01-11,16:16:07,-08:00,2025-01-11T16:16:07-08:00,0,14
Resume/index.html,33,html,338392bc,ShuchangLiu951,2025-01-11,16:16:07,-08:00,2025-01-11T16:16:07-08:00,0,3
Resume/index.html,34,html,6a17ee1d,ShuchangLiu951,2025-01-17,23:12:58,-08:00,2025-01-17T23:12:58-08:00,0,56
Resume/index.html,35,html,6a17ee1d,ShuchangLiu951,2025-01-17,23:12:58,-08:00,2025-01-17T23:12:58-08:00,0,47
Resume/index.html,36,html,6a17ee1d,ShuchangLiu951,2025-01-17,23:12:58,-08:00,2025-01-17T23:12:58-08:00,0,108
Resume/index.html,37,html,338392bc,ShuchangLiu951,2025-01-11,16:16:07,-08:00,2025-01-11T16:16:07-08:00,0,4
Resume/index.html,38,html,338392bc,ShuchangLiu951,2025-01-11,16:16:07,-08:00,2025-01-11T16:16:07-08:00,0,9
Resume/index.html,39,html,338392bc,ShuchangLiu951,2025-01-11,16:16:07,-08:00,2025-01-11T16:16:07-08:00,0,6
Resume/index.html,40,html,2a31ba0e,ShuchangLiu951,2025-01-24,20:21:57,-08:00,2025-01-24T20:21:57-08:00,0,49
Resume/index.html,41,html,6c05dcc8,ShuchangLiu951,2025-01-24,18:43:15,-08:00,2025-01-24T18:43:15-08:00,0,6
Resume/index.html,42,html,6a17ee1d,ShuchangLiu951,2025-01-17,23:12:58,-08:00,2025-01-17T23:12:58-08:00,0,6
